<?xml version="1.0" encoding="UTF-8"?>
<project-private xmlns="http://www.netbeans.org/ns/project-private/1">
    <editor-bookmarks xmlns="http://www.netbeans.org/ns/editor-bookmarks/2" lastBookmarkId="0"/>
    <open-files xmlns="http://www.netbeans.org/ns/projectui-open-files/2">
        <group>
            <file>file:/C:/Uni/Hons%20Project/NetBeansProject/JavaHelpDesk/src/javahelpdesk/LogInPanelGUI.java</file>
            <file>file:/C:/Uni/Hons%20Project/NetBeansProject/JavaHelpDesk/src/javahelpdesk/AdminSelectPanelGUI.java</file>
            <file>file:/C:/Uni/Hons%20Project/NetBeansProject/JavaHelpDesk/src/javahelpdesk/RegisterPanelGUI.java</file>
            <file>file:/C:/Uni/Hons%20Project/NetBeansProject/JavaHelpDesk/src/javahelpdesk/AdminTicketPanelGUI.java</file>
            <file>file:/C:/Uni/Hons%20Project/NetBeansProject/JavaHelpDesk/src/javahelpdesk/MySQLConnection.java</file>
            <file>file:/C:/Uni/Hons%20Project/NetBeansProject/JavaHelpDesk/src/javahelpdesk/ClientPanelGUI.java</file>
            <file>file:/C:/Uni/Hons%20Project/NetBeansProject/JavaHelpDesk/src/javahelpdesk/RegisterPanel.java</file>
            <file>file:/C:/Uni/Hons%20Project/NetBeansProject/JavaHelpDesk/src/javahelpdesk/MyMailSetup.java</file>
            <file>file:/C:/Uni/Hons%20Project/NetBeansProject/JavaHelpDesk/src/javahelpdesk/ClientTicketPanelGUI.java</file>
        </group>
    </open-files>
</project-private>
